Liga-ID;Liga-Name;Einladungslink;Teilnehmer1;Teilnehmer2;Teilnehmer3;Teilnehmer4;Teilnehmer5;Teilnehmer6;Teilnehmer7;Teilnehmer8;Teilnehmer9;Teilnehmer10;Teilnehmer11;Teilnehmer12;;;;
840144162350288896;Bundesliga;https://sleeper.app/i/LdPbYDqzMaeE;Elp11;Wotan;owen23;Vojmaran;ThePinkPunter;DeeWee;Isarcowboy;Fif;maex;General85;Erdl;Catwalker;;;;
840144259955937280;2. Bundesliga Div. I;https://sleeper.app/i/z25w0JaxzAg6;Patsche;Elmo1606;paetjer;Ailton32;Chesali;Rudzor;JH2599;robinhu97;KaiE;Luke_FFT;E1sB43r;Evilsoul;;;;
840144346530578432;2. Bundesliga Div. II;https://sleeper.app/i/0qKR6mwGOz3V;Zwen;ZlatkoDrees;Beni45;Duelp;Koro;MamaBearDown;Hippolyt;CardinalMiro;greend3vil;phaeseli;Stangolf;Strobinho;;;;
840144427635814400;2. Bundesliga Div. III;https://sleeper.app/i/YdEXYkEQAdX4;EinJuppie;noubhero;JimmyTschanga;BeastMode3;Chriswi94;PapaHans;Torbster;MarkoP;T1M0;BeardUrlacher;paulfaehse;Quarterbaker;;;;
840144511308017664;2. Bundesliga Div. IV;https://sleeper.app/i/EdYb1EOE2eOL;denninho;elFilipo;LastRodeo1979;MaSte;GeoWa;L28K01;DL21;frankmartin;kaiafas;zwiebelmeister;lisalisa96;LukeBowlwalker;;;;
840144636835110912;AFFC ConfL I;https://sleeper.app/i/kLAGlBkP1L8G;protthaus;Anomys;skaal85;jeble;ClevelandJan;haenelinho49;FritzBrause;JeanPaul87;lUqA98;jpshh;Rumpel32;Choupo;;;;
840144751293497344;AFFC ConfL II;https://sleeper.app/i/YdEXbBJMKY9N;LionsPride90;krlpfg;Ralle0205;Flosch49;Dommy79;joba89;danielson289;BillSuperstar;ulle;Gazzo158;Harokrus;KPenning;;;;
840144817085317120;AFFC ConfL III;https://sleeper.app/i/EdYbMbn7gBZw;Michbert;Axelinoo;veiti;Flockodrom;mjott;TobiD92;DoPa1409;captainfumble;n0lski;AlrikvonKirla;TillyG;Baywarriors;;;;
840144873796521984;AFFC ConfL IV;https://sleeper.app/i/Qdkw56WXDDoN;briegera;Bolle125;sgianfer;mp13;chrishenry14;RonBurgundyFFM;icon92;BetzeSteff;MrCrabs90;aristocat;d4ddyOnToUr;Voelkerball;;;;
840144931136831488;AFFC ConfL V;https://sleeper.app/i/YdEXPNj0O27O;Caedes;Kalex;Smugi;webinho;Felix713;osmodia;Hasenheckel;aszu;Schnixen;Scotty31;nicoboe;Real39;;;;
840144988925984768;AFFC ConfL VI;https://sleeper.app/i/m4OEk5bwjQnG;foofighter030;angel2333;Spencer91;marchs8966;schwoba49ers;RedandWhite;slightlyOverthrown;Burn13;Paul96Berlin;channellarge;RandyCorner;maximov;;;;
840145040507527168;AFFC ConfL VII;https://sleeper.app/i/m4OEkOwVVJR3;49erflo;Maikinho17;CK03;Toddo;Lvkas;ylrahcad;BrunoKoslovski82;Pinninger;HansPeterOrding;robnohood;dayspring612;KaffeeBohne;;;;
840145112787959808;AFFC ConfL VIII;https://sleeper.app/i/LdPbXoRGe23X;JonasDE;Strumpel;nilsh;VfB97;SteelMS;Baatmaan;seabear90;GoPanthers;AssindiaPackers;NinersHenning;TommyTurnup;BuggyThePirate;;;;
863582803143553024;AFFC ConfL IX;https://sleeper.app/i/m2JG5XPjwgBG;WenDan1;JohnnyF99;mazienho;BlokeBortles;Chikarmy;koopfi;ccaram;Ananasbob;Intuition22;andreasm82;FritzWalter8;dysph0r;;;;
863582889596567552;AFFC ConfL X;https://sleeper.app/i/LeJO3xkYkqXX;EinBaby;Bierkules;Hckster;Browller;chrislein23;flohe;fabser1494;philo2011;Duisburg;Go4Hawks;brunzky;tremonia90;;;;
840145213333843968;CFFC ConfL I;https://sleeper.app/i/m4OEwNEGXBbY;Janek;Suppenkasper;DerTobiasB;AlessandroS;Traesher;Sxhnipster;Boosty;gruenespack;gutti89;gr0nkless;Steveegeee;Rickeert;;;;
840145272670633984;CFFC ConfL II;https://sleeper.app/i/Qdkw6z5keA03;Georgius;GurleyRams91;ToniTorpedo;Heavy2beat;KIINIIM0D;elPresidente583;FaBuuu;derMichi;Mafra99;DeAndreLange;as2;RobH5;;;;
840145326110273536;CFFC ConfL III;https://sleeper.app/i/z25wBlGmM0kO;marvinmichel;Smitty87;Cland;ZenkAir;TheRealErich;RicoJ4491;madler;Nilientes;JKP17;Ruediralala;Ramsbock;Calo47;;;;
840145387204493312;CFFC ConfL IV;https://sleeper.app/i/kLAGwXgPJWbG;MRsplinterSELL;LangesBrot;D4luRox;Felizzo;Lumpi;Wegas;sgotsch;dampflokdennis;Ringler13;Hyperlurch;miiingapats;Shelloni;;;;
840145458239225856;CFFC ConfL V;https://sleeper.app/i/kLAGPGq2oAM7;AndyHH;swaly92;MameBln;AVCaptain;perverserperser;DrJ03;Essal91;benny2107;SalouMSV;PitterLR;Giskard;marchisio44;;;;
840145510403784704;CFFC ConfL VI;https://sleeper.app/i/jPGoBwmYxnAx;lacho;holapaco;cimbo;Mar8Te3;MCDohmen;moh0815;Rabkit;Deefonzo;seahulk81;betonmicha;renoir;L31F;;;;
840145572152315904;CFFC ConfL VII;https://sleeper.app/i/jPGoB2DNmmO2;Baltimore09;Stubbi78;TT86;xlnz;rh1no87;Tsa;michi7373;Fumelov;lambeaumoon;raph27;tobias182;mikkelsenn;;;;
840145633418518528;CFFC ConfL VIII;https://sleeper.app/i/VdwozlPMPEQZ;WiNTeRNaM;ToniBeige;Swissballer;Willowbottom;halbpension;Eurocop;benninem;SanBuer49ers;Minitron23;Kevklotz;YAste;nwe4;;;;
863583012418326528;CFFC ConfL IX;https://sleeper.app/i/VNlGl7bEREJe;Larriii;ndlsswntr;ElWray;MartaMunkel;bigfudge59;LarsF2410;mxbrndng;Lostprophet86;Thor1919;dominat0r;LukeHammerhand;GrinZz;;;;
863583095595618304;CFFC ConfL X;https://sleeper.app/i/jE1X1k36oE9w;OhBE;Johannes23;GoBirds529;Pitti83;RGR31;JoposJobbers;Madrax111;Larry_Fisherman;Pelle0391;Brady1899;muck999;sers185;;;;
840221835697192960;AFFC DivL I;https://sleeper.app/i/JXDVgxjdLYGm;-dabo-;MaxHH2019;JukeboxFabi;stefanbrady;SG7;ritratto;Nico1709;Pip33;LasseTheGM;OGScholz;ironmaik92;sunshinemindberry;;;;
840221893314334720;AFFC DivL II;https://sleeper.app/i/EdYVw291PJd4;MalteZ;DrBanane;bastifantasti;Romadinho;Xarlos48;elcapitan2014;Pumbaaa;ck207;KingBoedi;muh;Danny41;NicDavid;;;;
840221951602589696;AFFC DivL III;https://sleeper.app/i/LdPYm5w5kGGb;FRunner08;MulaC;Bronkochef;Stahlarbeiter;Camvp15;Snowman1989;LennartR97;gohdevil;leg4on;korkenzieher;floousen;Sczepsi99;;;;
840222012990427136;AFFC DivL IV;https://sleeper.app/i/z2506nEReOx6;DocMagic;ucancallmebj;Chris3003;darahan;stien;Saints9510;WieselZap;cornu;tofu_ne;schlagge;pe85;Flycardinalsfly;;;;
840222080745189376;AFFC DivL V;https://sleeper.app/i/0qK6DR9DwgZa;PackermanGER;Matzeo;Cicero2;IngeMeysel;Snakepit82;Trollstigen;MaikKrue;Sic58;freedelcastro;glutenfreevip;Flausch;gestalter;;;;
840222140644061184;AFFC DivL VI;https://sleeper.app/i/QdkDO6z2Q79N;mightyfo0l;rg87;Bappi;BreakingBrady;mucki;01capitain;mced;suunnyy6;lucas_ohne_s;raphduckdynasty;HansHansen;davilesh;;;;
840222206272348160;AFFC DivL VII;https://sleeper.app/i/JXDV8jAm0JZb;FaceS;zmash;FB7;schalkenils;Seniormessi;Jakob2709;wischi;umsti;weidemilchwambo;Thiko;Johnibaer;mw2408;;;;
840222272764624896;AFFC DivL VIII;https://sleeper.app/i/LdPYx5mbMP4m;gardoffl;RedandGold9;hanfulie;Liutasil;Greenhorn1899;Sacksonville1848;Nitze90;P1S2;lowskill;6rmrc;Cwikso;henne2707;;;;
840222332214697984;AFFC DivL IX;https://sleeper.app/i/QdkDOx4dRe7g;TheMikeFantastic;PackmanGermany;NicoS;henhenhenning;TurfMonStar;Ede691;marvgs;Albu;sl33pyweasel;DougFlutie7;bruensen;rocketz;;;;
840222386325430272;AFFC DivL X;https://sleeper.app/i/Vdw4Qbe2oZo3;TheGame1002;cctop;tommyturntable;frapse;citruseffect;jbrenn84;walterfrosch;bayerniner;floddixx;croatoan;Tommof;lazyb;;;;
840222447230922752;AFFC DivL XI;https://sleeper.app/i/LdPYQRQOMW5M;Merz4;patdykes;martin91;realbobby1987;DerJair97;Tenvash;Gobou;apollo12;StuntGee;holdmyrings;EnergizedEU;PattemitdeLatte;;;;
840222520002076672;AFFC DivL XII;https://sleeper.app/i/Vdw4QZwMzq33;moelle;49schock;jannik535;Zachner19;windeladvokat;svenmz;PadMosby;Andeeeee;BC1d3;Pantonius;tzatziki;Stegi;;;;
863583251049086976;AFFC DivL XIII;https://sleeper.app/i/0meQe4NN7XK2;juice8o;zingos;jc918;faulerhans;heinz221;Fabsei;qwertzuiop;gebtor;shorthander;JLSBS;patsnationgo;baker46;;;;
863583339892850688;AFFC DivL XIV;https://sleeper.app/i/YZnRozzn6dZj;therealcf6;xps;Raschiiiiii;Ray612;Kruhlock;dstnvlkl;FcBesi;VanillaThunder804;eml;Tenno91;m1lan;galaxyking;;;;
863583424525545472;AFFC DivL XV;https://sleeper.app/i/VNlGm1knzlaO;monkybird911;Jaydeeinsknie;trooy;Dorsten_Pats;sigmathebeast;Ksion77;SuperErik;gladiu5;Joschi97;albfatier;dahly51;Lucas412;;;;
863583521040658432;AFFC DivL XVI;https://sleeper.app/i/0meQ3aYxDNla;Eiloj;cruncher;diemarco;DjRedhead;domiedel;AlfonsoKaracho;tobsen2807;Mistake04;wainsmiley;chsperling;laastking98;chris237;;;;
840583790505099264;CFFC DivL I;https://sleeper.app/i/EdYY2RkwzeXb;forellenfoensi;JoeyMain;Roarks;ElisCurse;Fleaflicker78;Heisterkamp;meanmachine792;curuba;toffel11;kraki08;green80huthut;juenk;;;;
840583856909328384;CFFC DivL II;https://sleeper.app/i/QdkkqDJaE4X0;JdiMndTrks;SGEPacker;Fuchsi0815;derkerl;m2p;joker1411;Sarkeron;fsteju;vikesforever;copholger;donsta911;LukasLSE;;;;
840583913515659264;CFFC DivL III;https://sleeper.app/i/EdYY2JY56M90;kevsonponte;becks91;jrnity;Mrbilsen;mmmarkus;Mareks49ers;Semsen417;tobej;philipps21;hppaxton87;bigoudea;chaefer77;;;;
840583974635020288;CFFC DivL IV;https://sleeper.app/i/YdEEwAbb3g9N;PatrikGER;nh4;pfosten05;AMFG14;brax22;effeseftiamidis;cheeseheadfighter;whodatnation67;nicom1995;Matthes98;elrik73;benblack83;;;;
840584034403868672;CFFC DivL V;https://sleeper.app/i/Vdww5BZloZeM;Stiefel555;stewiss81;MarvHawks;coltssge;mig7179;Bismarck7;SuperCrew49;matzken;FlinkesFrettchen;ChrisBur;Yannik317;kobej;;;;
840584089730912256;CFFC DivL VI;https://sleeper.app/i/kLAABMGEYboK;Sizzl;urrr;MSUspartan16;Pantherbanter;Marcel73;Nimpscher;fritte;chuquet;eCliX;adalmar69;Panne;leander123;;;;
840584150829355008;CFFC DivL VII;https://sleeper.app/i/LdPPnkjeJKm3;Sifflord;h0peless;brettfeld;lecramo;Schneider09;SharcoRaiders;lluigii;marqs;Bogdan76;Vienna;h31k0;Parka;;;;
840584201756573696;CFFC DivL VIII;https://sleeper.app/i/LdPPnXnKzo4O;RedzoneRenfrow;jakoe;chris2002;49ersms;atrakce;BigBenSteelers;ArchyAndy;lucaneurube;thisisjrn;brokkolix;swenzel89;mkac;;;;
840584270702546944;CFFC DivL IX;https://sleeper.app/i/YdEExwVwX1QN;Stieselbaert;viennacheesehead;jamesbradawick;Marcelbl;RealCoachAB;Knobi84;TheWall13;naptoon;noboeltzki;creeper1993;livewire666;cubbi;;;;
840584327216607232;CFFC DivL X;https://sleeper.app/i/0qKKOe52j6mX;finntastic10;ballerxlsc30;mv9756;K1Marcel;Luxushans;uepsilon;Steffmeff;tammbaybucs;dannydimes4mvp;Scotthandsome;ThenisGood;nz99;;;;
840584387857866752;CFFC DivL XI;https://sleeper.app/i/LdPPnaz28QqE;Sappo83;BraveCompanions;elborito;iniestaseinvater;SwissGuy;AsatorOdinson;lambeauleague0902;veeee;matzimabuse;Winky2158;ChrisB17;an77i;;;;
863583627827666944;CFFC DivL XIII;https://sleeper.app/i/YZnRl10dqR44;CristianoP7;CrenshawHusslers;Lordem;tychson;Blitzkrieger;secrow;fabo21814;garoppopotamus;jimbosve;sparkeey;Adambarte;dany1991;;;;
863583723524845568;CFFC DivL XIV;https://sleeper.app/i/m2JGaxoZ8wne;itsjusttobi;cheesecakefactory;tenovic;FlorengX;MadFerIt;dannyko10;Robsn94;arnimvangloeckchen;Sidoppelbe;Jopps86;hassangpg;MTthePlaybook;;;;
863583807880667136;CFFC DivL VX;https://sleeper.app/i/zGNbaGNPBVoo;armindv;lurge;quhni;Denni;coltsjobig;BroManchild;adrivankenobi;Stefano23;Cubano91;broetchen;hegelmeister;jonashey;;;;
863583907046629376;CFFC DivL XVI;https://sleeper.app/i/0meQaNBEL7Za;Elgodowski;dakidno21;jamallutz;Copa92;thevoid;donbi1bo;schmiddi99;yrrwicht;FloHalb90;gunamic;geheimtipp;panthera;;;;
840584446401941504;CFFC DivL XII;https://sleeper.app/i/jPGGWzdQznw9;Matzn14;icebob3000;zettl;lukasb19;Slevin1910;gregor0502;PatBo;demeusel;stefanFCB94;gopackmac;Uiuiuiii;stefann;;;;
840593306877554688;AFFC RL Nord I;https://sleeper.app/i/YdEWzE9R05bW;hatschia;elwillmp;schorschel90;meisterk4jo;larskraftwagen;makai2018;jenksxl;colognegoats;packershamburg;pandaamlimit;freddy3287;SacksonvilleJaguars;;;;
840593373395005440;AFFC RL Nord II;https://sleeper.app/i/QdkPEJ91PjlE;trocho;Butterfinger;adelbert;yugo91;danielrdf;meanmachine97;Gusch88;Steelerhigh;torkinho;Rene13;patfynn;ballostelly;;;;
840593448296873984;AFFC RL Nord III;https://sleeper.app/i/QdkPERkzP4WN;Achimo;tofa1909;letelnunicorns;flokuspokus10;maxvonjanikowski;leroylenzen;guehnter2012;dielanze49;tibo855;hannoverbears;bauerharms;Niklas723;;;;
840593512285200384;AFFC RL Nord IV;https://sleeper.app/i/QdkPEYl0oeQP;Jotel;FabianL80;hoecki49;cron82;schnixx82;steelers;collipackers;DKBucs;jonorth94;lyn7;DJWhat90;r1kudous3nn1n87;;;;
840593587585531904;AFFC RL Nord V;https://sleeper.app/i/jPG0V4X56kJK;flymbfly;osse14hsvh;gillmano;apyruss;taserface;janmo;nobelschroedersvaluepicks;LucVa;fritschi;mrlenn;anubis74;fewo;;;;
840593648230998016;AFFC RL Nord VI;https://sleeper.app/i/JXDYEdBd5xAg;JayKay19;Madexx78;hoecke13;donkanaille;youri;bakermaywin;madc86;janjicha96;bromantiker;cerisier;gerrihellewelle;tjg1337;;;;
840593765285629952;CFFC RL Nord I;https://sleeper.app/i/LdPMYRBJbo7m;Alexwor90;Dustinator;jannik49ers;dougbrain;Chrissy49;paddymelonie;Johnny95;BastiBean;MichaelKlock;bufsol83;mauli;hendrik2209;;;;
840593835141742592;CFFC RL Nord II;https://sleeper.app/i/jPG0j2JdL21x;qbbeastmode;flogge;lu1gi;mottisson;hamburghammel;GreenBay1887;IvanSorenson;elviselch;sonnitoro;airturo;Flurin;bigfreez3;;;;
840593890032599040;CFFC RL Nord III;https://sleeper.app/i/QdkPDl7Mm1Qw;JakobsPizza;vomdeich;Philsator;joshbert965;kjellkiperjr;WaVe_;qb12kungen;cardsmo;kanodyas;tuvya;hagemann510;Devin45;;;;
840593953697943552;CFFC RL Nord IV;https://sleeper.app/i/LdPMYMwk2nQb;krausinski;ooitzz;HolgerN;silasfw;njl9611;nick1887;TinoGeisler;mano0220;marito1008;rene;onkelmoehre;obiwanjakobi92;;;;
840594018869051392;CFFC RL Nord V;https://sleeper.app/i/jPG0dmMB46o8;ollinho;KaosKoyote;koffeinjoko;eierbaron;vincewest;Gezerko;leimbach93;midischmidt;dakforceone;nikitos86;chrizzl1989;bastibadgers;;;;
840594075861229568;CFFC RL Nord VI;https://sleeper.app/i/m4O3lPwZ6l55;lilu1970;Niklas1811;DorkPound;land90;dreiz0r;Plewke;claastrowalczyk;stefanmd;owschlager;odiekducks;chexx21;germantexan;;;;
840596586370277376;AFFC RL West I;https://sleeper.app/i/0qK57x95n81V;albatross232;chandler55;esthe;remmpott;capinatore;wildfya;thegermanpatriot;dudefromgermany;Buccaneers47;Nikeymar94;hallesteeler;n93o;;;;
840596642100019200;AFFC RL West II;https://sleeper.app/i/YdEWJP2qmPa4;chickendog369;bransibaer;altmeya;sloppyjoe93;winselstute;teamgronkspike;therootofalleagle;fabilo98;derjonas;benrex;gohawksgo;preusel;;;;
840596694625255424;AFFC RL West III;https://sleeper.app/i/m4O3RRYkdDx5;Maranon10;mph95er;t4ckle;eddinguli;rentix887;birgith;martinchivers;Eckbert;siggivikings;lutz1402;hopem4n;tinosaurier;;;;
840596746475282432;AFFC RL West IV;https://sleeper.app/i/0qK57ZBw0YlW;skip1987;rosingsraiders;derlenz;rexgoldo;nikels93;chaccen;Nik87;fesa;althor03;Yannick04;packersnation93;nillo;;;;
840596807758254080;AFFC RL West V;https://sleeper.app/i/z25L8D4ABEGX;simon150;nFamous;mayus;biba83;eddy;lugobetrugo;sturmtankadi;blackyellowniggi;iqly;Maxibo1848;f4bst3r;pieprichy;;;;
840596856902881280;AFFC RL West VI;https://sleeper.app/i/z25LKRXAkkdb;Korni;hennesgol;marcoh100;burger1904;chuuum;jonniewerfaller;albuquerqueaztecs;greatgronkowski87;wollhaar;haselosi;joelez;patrick82;;;;
840596928638058496;AFFC RL West VII;https://sleeper.app/i/LdPMKNKRqBkm;fumbleinthejungle;pat94;derwalter;turnuptil;olewazzz;jaedtki;andyterhoeven;Calli97;chiefcedric;fidivs;frrene;nizco;;;;
840596988373340160;AFFC RL West VIII;https://sleeper.app/i/JXDYJx5J8M10;DarthOcram;XroesnerX;ow1848;jonesrulez;steelop;nrj;fcchris;thr33eyedravens;sirrodderick;dennisli;paluen1987;n00dlebrain;;;;
840597041959780352;AFFC RL West  IX;https://sleeper.app/i/LdPMKjD8mw8X;muckbear;skai20;jonas2505;machinagear;carson85;joshbrosen;dominguez49ers;ravensfan96;beppolino;Tiago13;CassioRene;margeee;;;;
840597100633919488;AFFC RL West X;https://sleeper.app/i/YdEWLoKz6JJN;julianmaletz44;matteagleiii;bjoern86;Sepp92;wallacehannes;lyvianne;Staffordserben;McVocht;Trueffel;Duzen;PunterPaule81;juls;;;;
840597156191649792;AFFC RL West XI;https://sleeper.app/i/jPG0MLGzz7bV;sarius;bestermannujah;darioboltup;muecke63;dschauer;sirpatrick1986;woltzinho;anno72;TheCarren;badger5000;mp6;vzudemp;;;;
840597251796643840;AFFC RL West XII;https://sleeper.app/i/QdkPgX2Oe8oJ;pkcards21;leyjohn;jmkuk;klunsen;toffi;leon9399;thegoldenboy5;masi;68represent;malaikamihambo;sanprit;phili;;;;
840597356687781888;AFFC RL West XIII;https://sleeper.app/i/YdEWN7JQ04kX;cbulls96;bettercalldan;rastarocketts;ht8;schweinebaermann;dieselmutter;launz;drunkenhomer;thekingsley172;liljordan2312;7RAWW;wiglgrimpft;;;;
840597469225132032;CFFC RL West I;https://sleeper.app/i/0qK5V0N2oN75;LordGordei;zeppy1891;dominik1904;lospieker;jimknopf;vandersnaps;klimteastwood;Skruz;tortujacki;ChrisPatsNation;sostenitori;tritraxx2k;;;;
840597568990871552;CFFC RL West II;https://sleeper.app/i/LdPMBN5kxqJm;lejo91;michel9901;MaxJcbs;orangina1895;aryndar;patrick1919;chiefsten;azmarci;almigurdve;flx145;witti91;lsutigers7;;;;
840597629963468800;CFFC RL West III;https://sleeper.app/i/YdEW7M80e7WD;darksider1204;s4msp4de;coalandsteel;bastig;dannydimes97;bl33dinggr33n;boffy;JaFrie;turndownforwatt16;ParrisHilton99;filzmatte;RCS09Steelers;;;;
840597699718946816;CFFC RL West IV;https://sleeper.app/i/JXDYj0kYG0Ke;kori;jetpack;mattmet;debastian;micha2189;Hille87;cmlinus;parceval;kugelblitz;colognepatriots;lueckmann;aladin2007;;;;
840597755473793024;CFFC RL West V;https://sleeper.app/i/m4O3XexZOVnG;Rednameg;manolitomaen;toeffchen;ollihol87;packers1895;Nikurasu;TayksomeMore;cardssupppob;danielwep;mattheo;ffdklfu;nrinvicta;;;;
840597813090951168;CFFC RL West VI;https://sleeper.app/i/m4O3Ag6wbOKg;drallerwikinger;RenDhark;pascal3;stbert;deadkenny;Boergi84;wombub;janb15;theautumnwind90;wiegel;anneliesdad;emerson778;;;;
840597866899705856;CFFC RL West VII;https://sleeper.app/i/kLAx3m7JYjQx;gernharts04;MaledictusMade;coolnessfaktor;paxx90;jfkarate;dan249;janeksmy;philippbrmm;donmic;19Olson82;tosimo03;tim15;;;;
840597933190680576;CFFC RL West VIII;https://sleeper.app/i/0qK5MA1OPKaw;Cologne49ers;Schwaerzelmann;biggie36;runnerteam149;lucacs;jules7784;CB1904;CrsRoKk;dominik24;nelsonsnils95;Renke;suhn912;;;;
840597990002511872;CFFC RL West  IX;https://sleeper.app/i/Vdwk5Z2G0dV3;Germie87;marcelmo;wichelmich;chricro;ChrispY49;eschbergsharks;kikoalonso;domXIII;NilsNerd;uschandelucca;harveygb;failery;;;;
840598041797984256;CFFC RL West X;https://sleeper.app/i/kLAx3eqm9qeJ;OzzyBrockweiler;swarlix;totti;john59;polarsxpress;BradyGaga92;sirleonat;kinggeorge85;tobiiii;mrnilsson;capitano;kingmoe7;;;;
840598116737585152;CFFC RL West XI;https://sleeper.app/i/LdPMjazBm7zE;ReneBulls93;DblAGapBlitz;HallidayOne;svenbusch;khgb12;moloch;loftedtimon93;Kapo2385;Ammanas;captainkonsum;norrisft;Grawo;;;;
840598169199980544;CFFC RL West XII;https://sleeper.app/i/YdEWxVgdWmBj;kaarstercardinals;nikojets;Me94;050487ws;gotawa;diego777;cameroon1991;medo76;justkrueger;michi11594;bermier;lucachiefs67;;;;
840598294097965056;CFFC RL West XIII;https://sleeper.app/i/kLAxBReMbZkw;PBThunder;FabianM;prezluka33;marvin98;ratzone;AereVaere;junker97;ARod83;rtgking;ItsAntje;Hugenay;tdog45;;;;
840598418626842624;AFFC RL Ost I;https://sleeper.app/i/m4O3LOQVDLjY;HdBemsoe;redmoon81;martinhilbig;reibbier;krub3r;4teen9r;ExitSouth;Proto13;Bierle91;hosenbein;lilinus;Ackimulaktor;;;;
840598471588319232;AFFC RL Ost II;https://sleeper.app/i/0qK5XGx2e0qR;moneyballer;tomboy248;bigbluekoepenick;trashtalkpatriots;sasosunicorns;xterenx;robertbmd;alfischi5;patte63;Bigfot;alibu90;tuschi;;;;
840598531797549056;AFFC RL Ost III;https://sleeper.app/i/kLAxJNdwe91K;trveman;karlbautermann;MarianSEA;matadorx;robbser;schnucke87;chrissi231;paschi;hpnike;donrico;derzett;beatsteaks1989;;;;
840598603620782080;AFFC RL Ost IV;https://sleeper.app/i/z25LXPA50a4w;steffenf91;HuaHuaBar;janrod12;chris;tyrone;rdparty;max98;Schlinos;KiP86;goatias;autzensaints;hoelli90;;;;
840598664555667456;AFFC RL Ost V;https://sleeper.app/i/kLAxJj5wQlkk;Shikawara;FireAfro;SmurfTurfHawk;yarislav;g0r4m5;glueckskeks;mpti;marian92;steellos;DavidTacovailoa;esachargers;FloFM2110;;;;
840598752971595776;CFFC RL Ost I;https://sleeper.app/i/0qK5X007BKlQ;geiseltalbuzzards;Inarijaervi;Martini83;vince00;matthendrix;chdu9926;nik284;AJOconnor;HockelberryFin;hannesto;jenserich;JoniJone1893;;;;
840598816716603392;CFFC RL Ost II;https://sleeper.app/i/jPG0Zz979bRo;moshingdolphins;11larrylegend;iampatker;gobengo82;ob7;schlmpf;gohawks91;bulettenmafia;AlighatorMilch;xammer;hannsmaiser;maurice1610;;;;
840598873658466304;CFFC RL Ost III;https://sleeper.app/i/jPG0ZdAjLR4o;Moehre111;olliwood21;xoyoxx;hannes9811;simoneon;ream1;chrille92;0lemnrs;acquijpayya;selfless;Stolle1990;crusher50;;;;
840598925034500096;CFFC RL Ost IV;https://sleeper.app/i/LdPMAg0xlQYm;Zachi93;Nico49ers;highNeunes;victorg1996;pumelomi;giftmuell;thunderstruck97;Biehlaner;zyzo;snowflyzone1919;nicberlin;Denverberlin;;;;
840599066185433088;AFFC RL Süd I;https://sleeper.app/i/YdEWA0R3N15a;Davizius1989;jetupstefan;martho94;simon313;xxmarci96xx;samjoz;dagster;maxikingi;eugsadr;walterderhalter;MrEichbaum;emdi;;;;
840599116781314048;AFFC RL Süd II;https://sleeper.app/i/jPG0PXgMWOmX;Sllbhr;Gunner1909;Kiascht;whitebirch17;j0n3ss;hawks19san;Der_echte_Matze;Puppenkiste;BockenheimInvaders;fruby89;lolopator300;Achim;;;;
840599165405888512;AFFC RL Süd III;https://sleeper.app/i/kLAxLE9w9VlG;micho;Weimo;ElGatoLoco;jonnysteiert;palloo;chrisgros;mttheplaybook;wildbird;Casperom;eule57;blitzandblock;crocop8957;;;;
840599215892713472;AFFC RL Süd IV;https://sleeper.app/i/Vdwkdz31lQmo;ratekey;MrBaloo;daveschwiiz;matze7777;purplereign61;cowboymoe;schmiedla;matzerati;bigk91;baronsodgers;vaiddthelegend;sirwennes;;;;
840599280992489472;AFFC RL Süd V;https://sleeper.app/i/Vdwkd5NXDOx6;LeeksUnited;jca950;bische1995;nik15tsg;wombatman98;curri;niklasify;johndorian;moize;berndtinho;daniel49er;marc41;;;;
840599335099047936;AFFC RL Süd  VI;https://sleeper.app/i/z25L2l9AO1XB;HornsUp213;weeez;hendrix;jezzaa36;joeystreng;krylli;ABrunney;elchobo;philippsoldner;NYGSQ26;BroncosKA;paleking;;;;
840599387116810240;AFFC RL Süd VII;https://sleeper.app/i/QdkPdmRelOLP;Krampfadergeschwader;Magmaflip;HerrOin;hullig2;peso;mattposer;Michl83;vfbeddy;dieroterakete;mthinc;lafamilia93;eldolpo;;;;
840599445597949952;AFFC RL Süd VIII;https://sleeper.app/i/LdPMeo4Xno5w;07slevin;DonPatricio89;uthred122;mkm8;mranderson24;glibrowns;purplepeopleeater09;martinb;albozz88;keeppounding51;Ch4w3z;JoeGold;;;;
840599542578675712;CFFC RL Süd I;https://sleeper.app/i/kLAxe65OW4QG;MikeKI;bergle85;I7an;seehaken1804;denverblossoms;nemil27;mundafinga;leichtle;Grilly75;SSGCheesehead;majormayer;hakuna;;;;
840599594944565248;CFFC RL Süd II;https://sleeper.app/i/jPG0EAnn30MV;Grubinczky;hardy;Robert46;schaf727;chipcha;rou82;alexl89;wavesamu;Meister05;Mariteemo;grimmix;maxi1707;;;;
840599650980450304;CFFC RL Süd III;https://sleeper.app/i/jPG0E1P1XW7x;zeroberto27;janit0r;GFarmer1104;jankretzer;loebi;blacky;aloha31;z0z0z0;flobrlo;Pfandl;brauni166;derbury;;;;
840599716461940736;CFFC RL Süd IV;https://sleeper.app/i/z25LGZGaGYmb;tbalo97;ph1L;AugsburgCapybaras;bavarianravens;Weini;jo3k3r5;gershine;sippi19;davidian;moneymanziel173;julez915;themaxiking;;;;
840599769679233024;CFFC RL Süd V;https://sleeper.app/i/m4O35V8RER55;yanoogs;mcpaulsen;JakooHula;blice;Linsi;chrisfly;marcou21;gehrsky;NinaL;25paru;taffit90;fcb1312;;;;
840599823366332416;CFFC RL Süd  VI;https://sleeper.app/i/JXDY3VeqKZOW;domi94;sophomorepacker;Alexander_H10;0ahnung;jstyle96;Macro345;endmylife1;vic0tp;chiefjakob;ruffa;getim;tigerbeachmirchawks;;;;
840599884125057024;CFFC RL Süd VII;https://sleeper.app/i/m4O35WexXBbY;Thorgrim;sportsteve18;thisismoreno19;bigbluewreckingcrew1;fraenzn;Manager29;n0pik;nuernbergrams;Michavelli;nixnick;sizzel21;Delkra;;;;
840599951464579072;CFFC RL Süd VIII;https://sleeper.app/i/Vdwk3NGmkG7o;obsgi;jaypi91;benefpoh;saintsfl;natixghost;Yodelbert;chris1899;acquijpayya;hurrycane;chrsteinwender;sefi33;crusher50;;;;
863814990430347264;CFFC RL Süd IX;https://sleeper.app/i/E5NzeBe2eqRL;victorg1996;zuggi68;klnfcb;B47Bronco;sirdaclan;bayernjet;rastampf;luaksjets;mardn;x66keepa;wbxravens;rossi178;;;;
840600043575676928;Champions League;https://sleeper.app/i/Vdwk3Y2RjR0M;Einladungen bereits erfolgt;;;;;;;;;;;;;;;
